phase,device,dtype,impl,sdpa_backend,sdpa_backend_honored,B,H,N,D,causal,chunk,status,note,latency_ms_median,latency_ms_min,latency_ms_max,warmup_iters,timed_iters,peak_mem_bytes,peak_mem_method,flops_fwd_analytic,flops_fwd_executed,flops_bwd_analytic,hbm_bytes_analytic,hbm_model,arithmetic_intensity_flop_per_byte,achieved_gflop_s,implied_gb_s
sweep,mps,float16,naive,MATH,,4,32,512,64,False,,ok,,11.24995800000761,10.774583000056737,12.312082999983431,4,60,360710144,"mps allocator, torch.mps.current_allocated_memory sampled every 1 ms (sampled peak, not an exact high-water mark)",8589934592.0,8589934592.0,21474836480.0,301989888.0,"naive: 4*B*H*N*D*e (Q,K,V,O) + 4*B*H*N^2*e (S,P written and read)",28.444444444444443,763.5525921069385,26.843645816259556
sweep,mps,float16,chunked,MATH,,4,32,512,64,False,1024,ok,,20.064250000018546,19.73941599999307,20.745041000054698,4,36,269484032,"mps allocator, torch.mps.current_allocated_memory sampled every 1 ms (sampled peak, not an exact high-water mark)",8589934592.0,8589934592.0,21474836480.0,327155712.0,chunked: 4*B*H*N^2*e (same score traffic as naive) + Q re-read and fp32 acc read/written once per tile (1 tiles),26.256410256410255,428.1213896353993,16.305404488066966
sweep,mps,float16,sdpa,MATH requested / NOT HONORED: whatever kernel this device picked,False,4,32,512,64,False,,ok,,2.892208499986282,2.847624999958498,3.7631669999882433,21,100,33554432,"mps allocator, torch.mps.current_allocated_memory sampled every 1 ms (sampled peak, not an exact high-water mark)",8589934592.0,8589934592.0,21474836480.0,33554432.0,fused ideal: 4*B*H*N*D*e -- S and P never reach memory (ASSUMED: backend unknown on this device),256.0,2970.0260517320044,11.601664264578142
sweep,mps,float16,naive,MATH,,4,32,512,64,True,,ok,,11.632812500010914,11.425583000004735,11.850166999920475,4,60,360711168,"mps allocator, torch.mps.current_allocated_memory sampled every 1 ms (sampled peak, not an exact high-water mark)",4303355904.0,8589934592.0,10758389760.0,301989888.0,"naive: 4*B*H*N*D*e (Q,K,V,O) + 4*B*H*N^2*e (S,P written and read)",14.25,738.4228527702944,25.960178417705666
sweep,mps,float16,chunked,MATH,,4,32,512,64,True,1024,ok,,20.945374999996602,20.54295900006764,21.879499999954533,4,37,269485056,"mps allocator, torch.mps.current_allocated_memory sampled every 1 ms (sampled peak, not an exact high-water mark)",4303355904.0,8589934592.0,10758389760.0,327155712.0,chunked: 4*B*H*N^2*e (same score traffic as naive) + Q re-read and fp32 acc read/written once per tile (1 tiles),13.153846153846153,410.111281941784,15.619472652079663
sweep,mps,float16,sdpa,MATH requested / NOT HONORED: whatever kernel this device picked,False,4,32,512,64,True,,ok,,1.7114999999989777,1.6719999999850188,2.774708000060855,21,100,33554432,"mps allocator, torch.mps.current_allocated_memory sampled every 1 ms (sampled peak, not an exact high-water mark)",4303355904.0,8589934592.0,10758389760.0,33554432.0,fused ideal: 4*B*H*N*D*e -- S and P never reach memory (ASSUMED: backend unknown on this device),128.25,5018.950974002413,19.605277242196927
sweep,mps,float16,naive,MATH,,4,32,1024,64,False,,ok,,43.1480830000055,42.85470900003929,45.523916999968606,4,37,1409286144,"mps allocator, torch.mps.current_allocated_memory sampled every 1 ms (sampled peak, not an exact high-water mark)",34359738368.0,34359738368.0,85899345920.0,1140850688.0,"naive: 4*B*H*N*D*e (Q,K,V,O) + 4*B*H*N^2*e (S,P written and read)",30.11764705882353,796.3213190258214,26.440356295779225
sweep,mps,float16,chunked,MATH,,4,32,1024,64,False,1024,ok,,74.68868749998592,73.84224999998423,77.57708300005106,4,24,941621248,"mps allocator, torch.mps.current_allocated_memory sampled every 1 ms (sampled peak, not an exact high-water mark)",34359738368.0,34359738368.0,85899345920.0,1191182336.0,chunked: 4*B*H*N^2*e (same score traffic as naive) + Q re-read and fp32 acc read/written once per tile (1 tiles),28.845070422535212,460.0393917486698,15.948631256911893
sweep,mps,float16,sdpa,MATH requested / NOT HONORED: whatever kernel this device picked,False,4,32,1024,64,False,,ok,,10.565875000054348,10.509625000054257,11.755166999932953,21,100,67108864,"mps allocator, torch.mps.current_allocated_memory sampled every 1 ms (sampled peak, not an exact high-water mark)",34359738368.0,34359738368.0,85899345920.0,67108864.0,fused ideal: 4*B*H*N*D*e -- S and P never reach memory (ASSUMED: backend unknown on this device),512.0,3251.953895708899,6.351472452556443
sweep,mps,float16,naive,MATH,,4,32,1024,64,True,,ok,,45.96335399997997,45.47100000002047,48.69629199993142,4,32,1409287168,"mps allocator, torch.mps.current_allocated_memory sampled every 1 ms (sampled peak, not an exact high-water mark)",17196646400.0,34359738368.0,42991616000.0,1140850688.0,"naive: 4*B*H*N*D*e (Q,K,V,O) + 4*B*H*N^2*e (S,P written and read)",15.073529411764707,747.5463685268697,24.82087551749372
sweep,mps,float16,chunked,MATH,,4,32,1024,64,True,1024,ok,,78.58729149995725,76.51683300002787,81.27391700008957,4,24,941622272,"mps allocator, torch.mps.current_allocated_memory sampled every 1 ms (sampled peak, not an exact high-water mark)",17196646400.0,34359738368.0,42991616000.0,1191182336.0,chunked: 4*B*H*N^2*e (same score traffic as naive) + Q re-read and fp32 acc read/written once per tile (1 tiles),14.43661971830986,437.2174904134302,15.157442294606222
sweep,mps,float16,sdpa,MATH requested / NOT HONORED: whatever kernel this device picked,False,4,32,1024,64,True,,ok,,5.666916499990293,5.607708999946226,6.36995799993656,21,100,67108864,"mps allocator, torch.mps.current_allocated_memory sampled every 1 ms (sampled peak, not an exact high-water mark)",17196646400.0,34359738368.0,42991616000.0,67108864.0,fused ideal: 4*B*H*N*D*e -- S and P never reach memory (ASSUMED: backend unknown on this device),256.25,6063.215924931814,11.842218603382449
sweep,mps,float16,naive,MATH,,4,32,2048,64,False,,ok,,174.1575839999996,171.91375000004427,176.92420899993522,4,8,5469372416,"mps allocator, torch.mps.current_allocated_memory sampled every 1 ms (sampled peak, not an exact high-water mark)",137438953472.0,137438953472.0,343597383680.0,4429185024.0,"naive: 4*B*H*N*D*e (Q,K,V,O) + 4*B*H*N^2*e (S,P written and read)",31.03030303030303,789.1643321832045,25.432053673872797
sweep,mps,float16,chunked,MATH,,4,32,2048,64,False,1024,ok,,294.58289600000853,292.56183299992244,298.8164170000118,4,6,2319450112,"mps allocator, torch.mps.current_allocated_memory sampled every 1 ms (sampled peak, not an exact high-water mark)",137438953472.0,137438953472.0,343597383680.0,4697620480.0,chunked: 4*B*H*N^2*e (same score traffic as naive) + Q re-read and fp32 acc read/written once per tile (2 tiles),29.257142857142856,466.55442436819555,15.94668442664731
sweep,mps,float16,sdpa,MATH requested / NOT HONORED: whatever kernel this device picked,False,4,32,2048,64,False,,ok,,41.09952100003511,41.01166700002068,42.126166999992165,4,48,134217728,"mps allocator, torch.mps.current_allocated_memory sampled every 1 ms (sampled peak, not an exact high-water mark)",137438953472.0,137438953472.0,343597383680.0,134217728.0,fused ideal: 4*B*H*N*D*e -- S and P never reach memory (ASSUMED: backend unknown on this device),1024.0,3344.0524397323898,3.265676210676162
sweep,mps,float16,naive,MATH,,4,32,2048,64,True,,ok,,186.7933329999687,184.573333000003,191.54516699995838,4,7,5502927872,"mps allocator, torch.mps.current_allocated_memory sampled every 1 ms (sampled peak, not an exact high-water mark)",68753031168.0,137438953472.0,171882577920.0,4429185024.0,"naive: 4*B*H*N*D*e (Q,K,V,O) + 4*B*H*N^2*e (S,P written and read)",15.522727272727273,735.7808293512436,23.711686883389685
sweep,mps,float16,chunked,MATH,,4,32,2048,64,True,1024,ok,,305.97983299992393,304.76295799996933,311.2880840000116,4,5,1883244544,"mps allocator, torch.mps.current_allocated_memory sampled every 1 ms (sampled peak, not an exact high-water mark)",68753031168.0,137438953472.0,171882577920.0,4697620480.0,chunked: 4*B*H*N^2*e (same score traffic as naive) + Q re-read and fp32 acc read/written once per tile (2 tiles),14.635714285714286,449.1765098519881,15.352712739081625
sweep,mps,float16,sdpa,MATH requested / NOT HONORED: whatever kernel this device picked,False,4,32,2048,64,True,,ok,,21.152874999984306,21.088625000061256,21.86379099998703,4,93,134217728,"mps allocator, torch.mps.current_allocated_memory sampled every 1 ms (sampled peak, not an exact high-water mark)",68753031168.0,137438953472.0,171882577920.0,134217728.0,fused ideal: 4*B*H*N*D*e -- S and P never reach memory (ASSUMED: backend unknown on this device),512.25,6497.412454434774,6.345129350033959
sweep,mps,float16,naive,MATH,,4,32,4096,64,False,,ok,,46545.494458999885,45120.59854200015,64853.507457999964,2,3,21743271936,"mps allocator, torch.mps.current_allocated_memory sampled every 1 ms (sampled peak, not an exact high-water mark)",549755813888.0,549755813888.0,1374389534720.0,17448304640.0,"naive: 4*B*H*N*D*e (Q,K,V,O) + 4*B*H*N^2*e (S,P written and read)",31.50769230769231,11.811149935731342,0.37486559854616075
sweep,mps,float16,chunked,MATH,,4,32,4096,64,False,1024,ok,,1226.6307500001403,1202.3550839999189,1232.4637090000579,2,3,3766484992,"mps allocator, torch.mps.current_allocated_memory sampled every 1 ms (sampled peak, not an exact high-water mark)",549755813888.0,549755813888.0,1374389534720.0,18656264192.0,chunked: 4*B*H*N^2*e (same score traffic as naive) + Q re-read and fp32 acc read/written once per tile (4 tiles),29.467625899280577,448.1836232198949,15.209356354386081
sweep,mps,float16,sdpa,MATH requested / NOT HONORED: whatever kernel this device picked,False,4,32,4096,64,False,,ok,,164.3266250000579,162.8262500000801,166.4215000000695,4,10,268435456,"mps allocator, torch.mps.current_allocated_memory sampled every 1 ms (sampled peak, not an exact high-water mark)",549755813888.0,549755813888.0,1374389534720.0,268435456.0,fused ideal: 4*B*H*N*D*e -- S and P never reach memory (ASSUMED: backend unknown on this device),2048.0,3345.506632828407,1.6335481605607456
sweep,mps,float16,naive,MATH,,4,32,4096,64,True,,ok,,4372.27870799984,4178.319667000096,4668.543166999825,2,3,21743272960,"mps allocator, torch.mps.current_allocated_memory sampled every 1 ms (sampled peak, not an exact high-water mark)",274945015808.0,549755813888.0,687362539520.0,17448304640.0,"naive: 4*B*H*N*D*e (Q,K,V,O) + 4*B*H*N^2*e (S,P written and read)",15.757692307692308,125.73668116859218,3.9906661503703575
sweep,mps,float16,chunked,MATH,,4,32,4096,64,True,1024,ok,,1315.1393750001716,1242.201457999954,1322.2541249999722,2,3,3768586240,"mps allocator, torch.mps.current_allocated_memory sampled every 1 ms (sampled peak, not an exact high-water mark)",274945015808.0,549755813888.0,687362539520.0,18656264192.0,chunked: 4*B*H*N^2*e (same score traffic as naive) + Q re-read and fp32 acc read/written once per tile (4 tiles),14.737410071942445,418.02095225681177,14.185769620043173
sweep,mps,float16,sdpa,MATH requested / NOT HONORED: whatever kernel this device picked,False,4,32,4096,64,True,,ok,,86.8489160000081,84.33712500004731,88.22525000005044,4,19,268435456,"mps allocator, torch.mps.current_allocated_memory sampled every 1 ms (sampled peak, not an exact high-water mark)",274945015808.0,549755813888.0,687362539520.0,268435456.0,fused ideal: 4*B*H*N*D*e -- S and P never reach memory (ASSUMED: backend unknown on this device),1024.25,6330.02505049054,3.090832544184834
sweep,mps,float16,naive,MATH,,4,32,8192,64,False,,OOM,RuntimeError: Invalid buffer size: 16.00 GiB,,,,,,,,2199023255552.0,2199023255552.0,5497558138880.0,69256347648.0,"naive: 4*B*H*N*D*e (Q,K,V,O) + 4*B*H*N^2*e (S,P written and read)",31.751937984496124,,
sweep,mps,float16,chunked,MATH,,4,32,8192,64,False,1024,ok,,4785.493583000061,4692.6174590000755,4791.964958000108,2,3,9277800448,"mps allocator, torch.mps.current_allocated_memory sampled every 1 ms (sampled peak, not an exact high-water mark)",2199023255552.0,2199023255552.0,5497558138880.0,74356621312.0,chunked: 4*B*H*N^2*e (same score traffic as naive) + Q re-read and fp32 acc read/written once per tile (8 tiles),29.574007220216608,459.51858829437947,15.537921015325086
sweep,mps,float16,sdpa,MATH requested / NOT HONORED: whatever kernel this device picked,False,4,32,8192,64,False,,ok,,719.9249170000712,718.5045420001188,723.0538750000051,4,3,536870912,"mps allocator, torch.mps.current_allocated_memory sampled every 1 ms (sampled peak, not an exact high-water mark)",2199023255552.0,2199023255552.0,5497558138880.0,536870912.0,fused ideal: 4*B*H*N*D*e -- S and P never reach memory (ASSUMED: backend unknown on this device),4096.0,3054.517497068076,0.7457318108076357
sweep,mps,float16,naive,MATH,,4,32,8192,64,True,,OOM,RuntimeError: Invalid buffer size: 16.00 GiB,,,,,,,,1099645845504.0,2199023255552.0,2749114613760.0,69256347648.0,"naive: 4*B*H*N*D*e (Q,K,V,O) + 4*B*H*N^2*e (S,P written and read)",15.877906976744185,,
sweep,mps,float16,chunked,MATH,,4,32,8192,64,True,1024,ok,,5244.255750000093,5158.858000000009,5254.542000000129,2,3,7537168384,"mps allocator, torch.mps.current_allocated_memory sampled every 1 ms (sampled peak, not an exact high-water mark)",1099645845504.0,2199023255552.0,2749114613760.0,74356621312.0,chunked: 4*B*H*N^2*e (same score traffic as naive) + Q re-read and fp32 acc read/written once per tile (8 tiles),14.788808664259928,419.3203688725442,14.178679465050628
sweep,mps,float16,sdpa,MATH requested / NOT HONORED: whatever kernel this device picked,False,4,32,8192,64,True,,ok,,407.32725000020764,357.8412499998649,423.3587090000128,4,5,536870912,"mps allocator, torch.mps.current_allocated_memory sampled every 1 ms (sampled peak, not an exact high-water mark)",1099645845504.0,2199023255552.0,2749114613760.0,536870912.0,fused ideal: 4*B*H*N*D*e -- S and P never reach memory (ASSUMED: backend unknown on this device),2048.25,5398.664723636533,1.3180333797940755
sweep,mps,float16,naive,MATH,,4,32,16384,64,False,,OOM,RuntimeError: Invalid buffer size: 64.00 GiB,,,,,,,,8796093022208.0,8796093022208.0,21990232555520.0,275951648768.0,"naive: 4*B*H*N*D*e (Q,K,V,O) + 4*B*H*N^2*e (S,P written and read)",31.875486381322958,,
sweep,mps,float16,chunked,MATH,,4,32,16384,64,False,1024,ok,,32669.47541700006,32669.47541700006,32669.47541700006,1,1,26600275968,"mps allocator, torch.mps.current_allocated_memory sampled every 1 ms (sampled peak, not an exact high-water mark)",8796093022208.0,8796093022208.0,21990232555520.0,296889614336.0,chunked: 4*B*H*N^2*e (same score traffic as naive) + Q re-read and fp32 acc read/written once per tile (16 tiles),29.62748643761302,269.2450034759609,9.087676203747948
sweep,mps,float16,sdpa,MATH requested / NOT HONORED: whatever kernel this device picked,False,4,32,16384,64,False,,ok,,2913.874541000041,2820.6989580000936,2965.869915999974,2,3,1073741824,"mps allocator, torch.mps.current_allocated_memory sampled every 1 ms (sampled peak, not an exact high-water mark)",8796093022208.0,8796093022208.0,21990232555520.0,1073741824.0,fused ideal: 4*B*H*N*D*e -- S and P never reach memory (ASSUMED: backend unknown on this device),8192.0,3018.6931175112236,0.3684928121961943
sweep,mps,float16,naive,MATH,,4,32,16384,64,True,,OOM,RuntimeError: Invalid buffer size: 64.00 GiB,,,,,,,,4398314946560.0,8796093022208.0,10995787366400.0,275951648768.0,"naive: 4*B*H*N*D*e (Q,K,V,O) + 4*B*H*N^2*e (S,P written and read)",15.938715953307392,,
sweep,mps,float16,chunked,MATH,,4,32,16384,64,True,1024,ok,,33487.04541699999,33487.04541699999,33487.04541699999,1,1,22842179584,"mps allocator, torch.mps.current_allocated_memory sampled every 1 ms (sampled peak, not an exact high-water mark)",4398314946560.0,8796093022208.0,10995787366400.0,296889614336.0,chunked: 4*B*H*N^2*e (same score traffic as naive) + Q re-read and fp32 acc read/written once per tile (16 tiles),14.814647377938517,262.67151707993287,8.865804989331233
sweep,mps,float16,sdpa,MATH requested / NOT HONORED: whatever kernel this device picked,False,4,32,16384,64,True,,ok,,1441.9557500000337,1393.5860829999456,1478.388207999842,2,3,1073741824,"mps allocator, torch.mps.current_allocated_memory sampled every 1 ms (sampled peak, not an exact high-water mark)",4398314946560.0,8796093022208.0,10995787366400.0,1073741824.0,fused ideal: 4*B*H*N*D*e -- S and P never reach memory (ASSUMED: backend unknown on this device),4096.25,6100.113004305295,0.7446427007208613
backend_probe,cpu,float32,sdpa,EFFICIENT_ATTENTION,True,4,32,0,64,False,,unavailable,RuntimeError: No viable backend for scaled_dot_product_attention was found. This is likely due to turning off both the math kernel and the fused kernels.,,,,,,,,,,,,,,,
backend_probe,cpu,float32,sdpa,CUDNN_ATTENTION,True,4,32,0,64,False,,unavailable,RuntimeError: No viable backend for scaled_dot_product_attention was found. This is likely due to turning off both the math kernel and the fused kernels.,,,,,,,,,,,,,,,
sweep,cpu,float32,naive,MATH,,4,32,512,64,False,,ok,,27.814353999929153,26.68179100010093,30.301499999950465,4,36,,not measured: torch has no per-device peak allocator stat for CPU (torch.cuda.max_memory_allocated does not exist here; ru_maxrss is a monotonic process high-water mark and cannot be reset per config),8589934592.0,8589934592.0,21474836480.0,603979776.0,"naive: 4*B*H*N*D*e (Q,K,V,O) + 4*B*H*N^2*e (S,P written and read)",14.222222222222221,308.8309939544841,21.71467926242466
sweep,cpu,float32,chunked,MATH,,4,32,512,64,False,1024,ok,,31.46058299989818,30.504374999964057,34.333625000044776,4,49,,not measured: torch has no per-device peak allocator stat for CPU (torch.cuda.max_memory_allocated does not exist here; ru_maxrss is a monotonic process high-water mark and cannot be reset per config),8589934592.0,8589934592.0,21474836480.0,620756992.0,chunked: 4*B*H*N^2*e (same score traffic as naive) + Q re-read and fp32 acc read/written once per tile (1 tiles),13.837837837837839,273.037997802768,19.731261559965656
sweep,cpu,float32,sdpa,MATH,True,4,32,512,64,False,,ok,,33.745707999969454,32.3588749999999,35.36716600001455,4,49,,not measured: torch has no per-device peak allocator stat for CPU (torch.cuda.max_memory_allocated does not exist here; ru_maxrss is a monotonic process high-water mark and cannot be reset per config),8589934592.0,8589934592.0,21474836480.0,67108864.0,fused ideal: 4*B*H*N*D*e -- S and P never reach memory,128.0,254.54895158838497,1.9886636842842575
sweep,cpu,float32,sdpa,FLASH_ATTENTION,True,4,32,512,64,False,,ok,,13.108375000001615,12.595584000109739,15.811541999937617,4,92,,not measured: torch has no per-device peak allocator stat for CPU (torch.cuda.max_memory_allocated does not exist here; ru_maxrss is a monotonic process high-water mark and cannot be reset per config),8589934592.0,8589934592.0,21474836480.0,67108864.0,fused ideal: 4*B*H*N*D*e -- S and P never reach memory,128.0,655.3012552661136,5.119541056766512
sweep,cpu,float32,naive,MATH,,4,32,512,64,True,,ok,,31.35722899992288,30.175792000136425,34.03866700000435,4,44,,not measured: torch has no per-device peak allocator stat for CPU (torch.cuda.max_memory_allocated does not exist here; ru_maxrss is a monotonic process high-water mark and cannot be reset per config),4303355904.0,8589934592.0,10758389760.0,603979776.0,"naive: 4*B*H*N*D*e (Q,K,V,O) + 4*B*H*N^2*e (S,P written and read)",7.125,273.93793603449865,19.261261127425687
sweep,cpu,float32,chunked,MATH,,4,32,512,64,True,1024,ok,,35.61500000000706,33.9814579999711,46.918250000089756,4,56,,not measured: torch has no per-device peak allocator stat for CPU (torch.cuda.max_memory_allocated does not exist here; ru_maxrss is a monotonic process high-water mark and cannot be reset per config),4303355904.0,8589934592.0,10758389760.0,620756992.0,chunked: 4*B*H*N^2*e (same score traffic as naive) + Q re-read and fp32 acc read/written once per tile (1 tiles),6.9324324324324325,241.1886730871346,17.429650203562456
sweep,cpu,float32,sdpa,MATH,True,4,32,512,64,True,,ok,,36.684562500113316,35.56291700010661,67.67212499994457,4,50,,not measured: torch has no per-device peak allocator stat for CPU (torch.cuda.max_memory_allocated does not exist here; ru_maxrss is a monotonic process high-water mark and cannot be reset per config),4303355904.0,8589934592.0,10758389760.0,67108864.0,fused ideal: 4*B*H*N*D*e -- S and P never reach memory,64.125,234.15665900263812,1.8293488984581103
sweep,cpu,float32,sdpa,FLASH_ATTENTION,True,4,32,512,64,True,,ok,,16.382166499965933,15.404834000037226,18.381625000074564,21,100,,not measured: torch has no per-device peak allocator stat for CPU (torch.cuda.max_memory_allocated does not exist here; ru_maxrss is a monotonic process high-water mark and cannot be reset per config),4303355904.0,8589934592.0,10758389760.0,67108864.0,fused ideal: 4*B*H*N*D*e -- S and P never reach memory,64.125,524.3466785676891,4.096458426310071
sweep,cpu,float32,naive,MATH,,4,32,1024,64,False,,ok,,115.7983544999297,111.45095799997762,117.60675000004994,4,12,,not measured: torch has no per-device peak allocator stat for CPU (torch.cuda.max_memory_allocated does not exist here; ru_maxrss is a monotonic process high-water mark and cannot be reset per config),34359738368.0,34359738368.0,85899345920.0,2281701376.0,"naive: 4*B*H*N*D*e (Q,K,V,O) + 4*B*H*N^2*e (S,P written and read)",15.058823529411764,296.72043714594287,19.704091529222765
sweep,cpu,float32,chunked,MATH,,4,32,1024,64,False,1024,ok,,128.20783300003313,123.64233300013439,137.76700000016717,4,14,,not measured: torch has no per-device peak allocator stat for CPU (torch.cuda.max_memory_allocated does not exist here; ru_maxrss is a monotonic process high-water mark and cannot be reset per config),34359738368.0,34359738368.0,85899345920.0,2315255808.0,chunked: 4*B*H*N^2*e (same score traffic as naive) + Q re-read and fp32 acc read/written once per tile (1 tiles),14.840579710144928,268.0003051606926,18.058614312585735
sweep,cpu,float32,sdpa,MATH,True,4,32,1024,64,False,,ok,,132.60247950006487,129.4422080000004,137.79754199981653,4,14,,not measured: torch has no per-device peak allocator stat for CPU (torch.cuda.max_memory_allocated does not exist here; ru_maxrss is a monotonic process high-water mark and cannot be reset per config),34359738368.0,34359738368.0,85899345920.0,134217728.0,fused ideal: 4*B*H*N*D*e -- S and P never reach memory,256.0,259.1183701657946,1.0121811334601352
sweep,cpu,float32,sdpa,FLASH_ATTENTION,True,4,32,1024,64,False,,ok,,44.820041999855675,41.93637499997749,47.62283300010495,4,49,,not measured: torch has no per-device peak allocator stat for CPU (torch.cuda.max_memory_allocated does not exist here; ru_maxrss is a monotonic process high-water mark and cannot be reset per config),34359738368.0,34359738368.0,85899345920.0,134217728.0,fused ideal: 4*B*H*N*D*e -- S and P never reach memory,256.0,766.6154879576114,2.9945917498344197
sweep,cpu,float32,naive,MATH,,4,32,1024,64,True,,ok,,125.87645899998279,123.93529199994191,127.34150000005684,4,15,,not measured: torch has no per-device peak allocator stat for CPU (torch.cuda.max_memory_allocated does not exist here; ru_maxrss is a monotonic process high-water mark and cannot be reset per config),17196646400.0,34359738368.0,42991616000.0,2281701376.0,"naive: 4*B*H*N*D*e (Q,K,V,O) + 4*B*H*N^2*e (S,P written and read)",7.536764705882353,272.9639730968655,18.126513838463726
sweep,cpu,float32,chunked,MATH,,4,32,1024,64,True,1024,ok,,138.41699999989032,137.26333399995383,140.17104100003053,4,14,,not measured: torch has no per-device peak allocator stat for CPU (torch.cuda.max_memory_allocated does not exist here; ru_maxrss is a monotonic process high-water mark and cannot be reset per config),17196646400.0,34359738368.0,42991616000.0,2315255808.0,chunked: 4*B*H*N^2*e (same score traffic as naive) + Q re-read and fp32 acc read/written once per tile (1 tiles),7.427536231884058,248.23351443845212,16.72667235962226
sweep,cpu,float32,sdpa,MATH,True,4,32,1024,64,True,,ok,,142.03389599992988,140.49866599998495,144.70058400002017,4,14,,not measured: torch has no per-device peak allocator stat for CPU (torch.cuda.max_memory_allocated does not exist here; ru_maxrss is a monotonic process high-water mark and cannot be reset per config),17196646400.0,34359738368.0,42991616000.0,134217728.0,fused ideal: 4*B*H*N*D*e -- S and P never reach memory,128.125,241.91224303258542,0.9449696993460368
sweep,cpu,float32,sdpa,FLASH_ATTENTION,True,4,32,1024,64,True,,ok,,39.63937499997883,38.02475000020422,42.75324999980512,4,57,,not measured: torch has no per-device peak allocator stat for CPU (torch.cuda.max_memory_allocated does not exist here; ru_maxrss is a monotonic process high-water mark and cannot be reset per config),17196646400.0,34359738368.0,42991616000.0,134217728.0,fused ideal: 4*B*H*N*D*e -- S and P never reach memory,128.125,866.808277577998,3.3859698342890545
sweep,cpu,float32,naive,MATH,,4,32,2048,64,False,,ok,,420.5317500000092,419.5632079999996,420.7052920000933,4,3,,not measured: torch has no per-device peak allocator stat for CPU (torch.cuda.max_memory_allocated does not exist here; ru_maxrss is a monotonic process high-water mark and cannot be reset per config),137438953472.0,137438953472.0,343597383680.0,8858370048.0,"naive: 4*B*H*N*D*e (Q,K,V,O) + 4*B*H*N^2*e (S,P written and read)",15.515151515151516,326.8218237314947,21.064687857693993
sweep,cpu,float32,chunked,MATH,,4,32,2048,64,False,1024,ok,,497.2672920000605,490.70191599980717,506.1189580001155,4,3,,not measured: torch has no per-device peak allocator stat for CPU (torch.cuda.max_memory_allocated does not exist here; ru_maxrss is a monotonic process high-water mark and cannot be reset per config),137438953472.0,137438953472.0,343597383680.0,9126805504.0,chunked: 4*B*H*N^2*e (same score traffic as naive) + Q re-read and fp32 acc read/written once per tile (2 tiles),15.058823529411764,276.3884849920579,18.353922831503844
sweep,cpu,float32,sdpa,MATH,True,4,32,2048,64,False,,ok,,500.0497080000059,495.605458,511.329374999832,4,3,,not measured: torch has no per-device peak allocator stat for CPU (torch.cuda.max_memory_allocated does not exist here; ru_maxrss is a monotonic process high-water mark and cannot be reset per config),137438953472.0,137438953472.0,343597383680.0,268435456.0,fused ideal: 4*B*H*N*D*e -- S and P never reach memory,512.0,274.850582398497,0.5368175437470645
sweep,cpu,float32,sdpa,FLASH_ATTENTION,True,4,32,2048,64,False,,ok,,164.0572290000364,163.05937499987522,165.72604199996022,4,12,,not measured: torch has no per-device peak allocator stat for CPU (torch.cuda.max_memory_allocated does not exist here; ru_maxrss is a monotonic process high-water mark and cannot be reset per config),137438953472.0,137438953472.0,343597383680.0,268435456.0,fused ideal: 4*B*H*N*D*e -- S and P never reach memory,512.0,837.750060205939,1.6362305863397246
sweep,cpu,float32,naive,MATH,,4,32,2048,64,True,,ok,,471.5819380000994,439.3283330000486,596.1020409999946,4,4,,not measured: torch has no per-device peak allocator stat for CPU (torch.cuda.max_memory_allocated does not exist here; ru_maxrss is a monotonic process high-water mark and cannot be reset per config),68753031168.0,137438953472.0,171882577920.0,8858370048.0,"naive: 4*B*H*N*D*e (Q,K,V,O) + 4*B*H*N^2*e (S,P written and read)",7.761363636363637,291.4423611193757,18.784370931522258
sweep,cpu,float32,chunked,MATH,,4,32,2048,64,True,1024,ok,,522.6198329999079,519.8497090000274,525.0210419999348,4,3,,not measured: torch has no per-device peak allocator stat for CPU (torch.cuda.max_memory_allocated does not exist here; ru_maxrss is a monotonic process high-water mark and cannot be reset per config),68753031168.0,137438953472.0,171882577920.0,9126805504.0,chunked: 4*B*H*N^2*e (same score traffic as naive) + Q re-read and fp32 acc read/written once per tile (2 tiles),7.533088235294118,262.9807458379105,17.463565153298745
sweep,cpu,float32,sdpa,MATH,True,4,32,2048,64,True,,ok,,536.4029170000322,536.1622919999718,538.2380830001239,4,3,,not measured: torch has no per-device peak allocator stat for CPU (torch.cuda.max_memory_allocated does not exist here; ru_maxrss is a monotonic process high-water mark and cannot be reset per config),68753031168.0,137438953472.0,171882577920.0,268435456.0,fused ideal: 4*B*H*N*D*e -- S and P never reach memory,256.125,256.22335210379134,0.5004362345777175
sweep,cpu,float32,sdpa,FLASH_ATTENTION,True,4,32,2048,64,True,,ok,,111.1582080000062,109.69950000003337,124.70549999989089,4,19,,not measured: torch has no per-device peak allocator stat for CPU (torch.cuda.max_memory_allocated does not exist here; ru_maxrss is a monotonic process high-water mark and cannot be reset per config),68753031168.0,137438953472.0,171882577920.0,268435456.0,fused ideal: 4*B*H*N*D*e -- S and P never reach memory,256.125,1236.4264946767794,2.4148954974155847
sweep,cpu,float32,naive,MATH,,4,32,4096,64,False,,ok,,2377.3129579999477,2339.720833000001,2430.2769999999327,2,3,,not measured: torch has no per-device peak allocator stat for CPU (torch.cuda.max_memory_allocated does not exist here; ru_maxrss is a monotonic process high-water mark and cannot be reset per config),549755813888.0,549755813888.0,1374389534720.0,34896609280.0,"naive: 4*B*H*N*D*e (Q,K,V,O) + 4*B*H*N^2*e (S,P written and read)",15.753846153846155,231.25092219684612,14.67901361601074
sweep,cpu,float32,chunked,MATH,,4,32,4096,64,False,1024,ok,,1805.5006249999224,1801.9587499998124,1831.817416999911,2,3,,not measured: torch has no per-device peak allocator stat for CPU (torch.cuda.max_memory_allocated does not exist here; ru_maxrss is a monotonic process high-water mark and cannot be reset per config),549755813888.0,549755813888.0,1374389534720.0,36238786560.0,chunked: 4*B*H*N^2*e (same score traffic as naive) + Q re-read and fp32 acc read/written once per tile (4 tiles),15.170370370370371,304.4894065810825,20.07132318771784
sweep,cpu,float32,sdpa,MATH,True,4,32,4096,64,False,,ok,,9559.972415999937,9559.972415999937,9559.972415999937,1,1,,not measured: torch has no per-device peak allocator stat for CPU (torch.cuda.max_memory_allocated does not exist here; ru_maxrss is a monotonic process high-water mark and cannot be reset per config),549755813888.0,549755813888.0,1374389534720.0,536870912.0,fused ideal: 4*B*H*N*D*e -- S and P never reach memory,1024.0,57.50600419807777,0.05615820722468532
sweep,cpu,float32,sdpa,FLASH_ATTENTION,True,4,32,4096,64,False,,ok,,584.5200419998946,521.3946249998571,600.6926659999863,4,3,,not measured: torch has no per-device peak allocator stat for CPU (torch.cuda.max_memory_allocated does not exist here; ru_maxrss is a monotonic process high-water mark and cannot be reset per config),549755813888.0,549755813888.0,1374389534720.0,536870912.0,fused ideal: 4*B*H*N*D*e -- S and P never reach memory,1024.0,940.5251734517926,0.9184816146990162
sweep,cpu,float32,naive,MATH,,4,32,4096,64,True,,ok,,2563.1227920000583,2473.116124999933,2597.1343329999854,2,3,,not measured: torch has no per-device peak allocator stat for CPU (torch.cuda.max_memory_allocated does not exist here; ru_maxrss is a monotonic process high-water mark and cannot be reset per config),274945015808.0,549755813888.0,687362539520.0,34896609280.0,"naive: 4*B*H*N*D*e (Q,K,V,O) + 4*B*H*N^2*e (S,P written and read)",7.878846153846154,214.48672517909844,13.614880016251366
sweep,cpu,float32,chunked,MATH,,4,32,4096,64,True,1024,ok,,2072.824374999982,2031.0457919999862,2201.5034999999443,2,3,,not measured: torch has no per-device peak allocator stat for CPU (torch.cuda.max_memory_allocated does not exist here; ru_maxrss is a monotonic process high-water mark and cannot be reset per config),274945015808.0,549755813888.0,687362539520.0,36238786560.0,chunked: 4*B*H*N^2*e (same score traffic as naive) + Q re-read and fp32 acc read/written once per tile (4 tiles),7.587037037037037,265.2206431565167,17.48280606744617
sweep,cpu,float32,sdpa,MATH,True,4,32,4096,64,True,,ok,,5388.29454200004,5094.555291000006,6444.7043750001285,2,3,,not measured: torch has no per-device peak allocator stat for CPU (torch.cuda.max_memory_allocated does not exist here; ru_maxrss is a monotonic process high-water mark and cannot be reset per config),274945015808.0,549755813888.0,687362539520.0,536870912.0,fused ideal: 4*B*H*N*D*e -- S and P never reach memory,512.125,102.02779554881948,0.09963651909064403
sweep,cpu,float32,sdpa,FLASH_ATTENTION,True,4,32,4096,64,True,,ok,,328.26922900005684,312.75587499999347,359.3515830000342,4,6,,not measured: torch has no per-device peak allocator stat for CPU (torch.cuda.max_memory_allocated does not exist here; ru_maxrss is a monotonic process high-water mark and cannot be reset per config),274945015808.0,549755813888.0,687362539520.0,536870912.0,fused ideal: 4*B*H*N*D*e -- S and P never reach memory,512.125,1674.710162638804,1.635459143201957
sweep,cpu,float32,naive,MATH,,4,32,8192,64,False,,skipped,"N>4096 not swept on CPU: the fp32 score matrix alone is 34 GB on a 25.77 GB machine; on macOS a CPU allocation that large swaps instead of raising, and a swap-thrashing run is not a measurement",,,,,,,,,,,,,,,
sweep,cpu,float32,chunked,MATH,,4,32,8192,64,False,1024,skipped,"N>4096 not swept on CPU: the fp32 score matrix alone is 34 GB on a 25.77 GB machine; on macOS a CPU allocation that large swaps instead of raising, and a swap-thrashing run is not a measurement",,,,,,,,,,,,,,,
sweep,cpu,float32,sdpa,MATH,True,4,32,8192,64,False,,skipped,"N>4096 not swept on CPU: the fp32 score matrix alone is 34 GB on a 25.77 GB machine; on macOS a CPU allocation that large swaps instead of raising, and a swap-thrashing run is not a measurement",,,,,,,,,,,,,,,
sweep,cpu,float32,sdpa,FLASH_ATTENTION,True,4,32,8192,64,False,,skipped,"N>4096 not swept on CPU: the fp32 score matrix alone is 34 GB on a 25.77 GB machine; on macOS a CPU allocation that large swaps instead of raising, and a swap-thrashing run is not a measurement",,,,,,,,,,,,,,,
sweep,cpu,float32,naive,MATH,,4,32,8192,64,True,,skipped,"N>4096 not swept on CPU: the fp32 score matrix alone is 34 GB on a 25.77 GB machine; on macOS a CPU allocation that large swaps instead of raising, and a swap-thrashing run is not a measurement",,,,,,,,,,,,,,,
sweep,cpu,float32,chunked,MATH,,4,32,8192,64,True,1024,skipped,"N>4096 not swept on CPU: the fp32 score matrix alone is 34 GB on a 25.77 GB machine; on macOS a CPU allocation that large swaps instead of raising, and a swap-thrashing run is not a measurement",,,,,,,,,,,,,,,
sweep,cpu,float32,sdpa,MATH,True,4,32,8192,64,True,,skipped,"N>4096 not swept on CPU: the fp32 score matrix alone is 34 GB on a 25.77 GB machine; on macOS a CPU allocation that large swaps instead of raising, and a swap-thrashing run is not a measurement",,,,,,,,,,,,,,,
sweep,cpu,float32,sdpa,FLASH_ATTENTION,True,4,32,8192,64,True,,skipped,"N>4096 not swept on CPU: the fp32 score matrix alone is 34 GB on a 25.77 GB machine; on macOS a CPU allocation that large swaps instead of raising, and a swap-thrashing run is not a measurement",,,,,,,,,,,,,,,
sweep,cpu,float32,naive,MATH,,4,32,16384,64,False,,skipped,"N>4096 not swept on CPU: the fp32 score matrix alone is 137 GB on a 25.77 GB machine; on macOS a CPU allocation that large swaps instead of raising, and a swap-thrashing run is not a measurement",,,,,,,,,,,,,,,
sweep,cpu,float32,chunked,MATH,,4,32,16384,64,False,1024,skipped,"N>4096 not swept on CPU: the fp32 score matrix alone is 137 GB on a 25.77 GB machine; on macOS a CPU allocation that large swaps instead of raising, and a swap-thrashing run is not a measurement",,,,,,,,,,,,,,,
sweep,cpu,float32,sdpa,MATH,True,4,32,16384,64,False,,skipped,"N>4096 not swept on CPU: the fp32 score matrix alone is 137 GB on a 25.77 GB machine; on macOS a CPU allocation that large swaps instead of raising, and a swap-thrashing run is not a measurement",,,,,,,,,,,,,,,
sweep,cpu,float32,sdpa,FLASH_ATTENTION,True,4,32,16384,64,False,,skipped,"N>4096 not swept on CPU: the fp32 score matrix alone is 137 GB on a 25.77 GB machine; on macOS a CPU allocation that large swaps instead of raising, and a swap-thrashing run is not a measurement",,,,,,,,,,,,,,,
sweep,cpu,float32,naive,MATH,,4,32,16384,64,True,,skipped,"N>4096 not swept on CPU: the fp32 score matrix alone is 137 GB on a 25.77 GB machine; on macOS a CPU allocation that large swaps instead of raising, and a swap-thrashing run is not a measurement",,,,,,,,,,,,,,,
sweep,cpu,float32,chunked,MATH,,4,32,16384,64,True,1024,skipped,"N>4096 not swept on CPU: the fp32 score matrix alone is 137 GB on a 25.77 GB machine; on macOS a CPU allocation that large swaps instead of raising, and a swap-thrashing run is not a measurement",,,,,,,,,,,,,,,
sweep,cpu,float32,sdpa,MATH,True,4,32,16384,64,True,,skipped,"N>4096 not swept on CPU: the fp32 score matrix alone is 137 GB on a 25.77 GB machine; on macOS a CPU allocation that large swaps instead of raising, and a swap-thrashing run is not a measurement",,,,,,,,,,,,,,,
sweep,cpu,float32,sdpa,FLASH_ATTENTION,True,4,32,16384,64,True,,skipped,"N>4096 not swept on CPU: the fp32 score matrix alone is 137 GB on a 25.77 GB machine; on macOS a CPU allocation that large swaps instead of raising, and a swap-thrashing run is not a measurement",,,,,,,,,,,,,,,
oom_ladder,mps,float16,naive,,,4,32,4096,64,False,,ok,"single forward pass, no warmup -- this row exists to locate the OOM edge, not to time it",4246.911833000013,,,0,1,21743271936,"mps allocator, sampled every 1 ms",,,,,,,,
oom_ladder,mps,float16,naive,,,4,32,4352,64,False,,ok,"single forward pass, no warmup -- this row exists to locate the OOM edge, not to time it",1034.9132079998071,,,0,1,24528289792,"mps allocator, sampled every 1 ms",,,,,,,,
oom_ladder,mps,float16,naive,,,4,32,4608,64,False,,ok,"single forward pass, no warmup -- this row exists to locate the OOM edge, not to time it",3067.2578749999957,,,0,1,27405582336,"mps allocator, sampled every 1 ms",,,,,,,,
oom_ladder,mps,float16,naive,,,4,32,4864,64,False,,ok,"single forward pass, no warmup -- this row exists to locate the OOM edge, not to time it",5486.674624999978,,,0,1,30521950208,"mps allocator, sampled every 1 ms",,,,,,,,
oom_ladder,mps,float16,naive,,,4,32,5120,64,False,,OOM,"RuntimeError: MPS backend out of memory (MPS allocated: 19.75 GiB, other allocations: 720.00 KiB, max allowed: 30.19 GiB). Tried to allocate 12.50 GiB on shared pool. Use PYTORCH_MPS_HIGH_WATERMARK_RATIO=0.0 to disable upper limit for memory allocations (may cause system failure).",,,,,,,,,,,,,,,
